<?xml version="1.0" encoding="UTF-8"?>
<beans xmlns="http://www.springframework.org/schema/beans"
       xmlns:util="http://www.springframework.org/schema/util"
       xmlns:xsi="http://www.w3.org/2001/XMLSchema-instance"
       xsi:schemaLocation="http://www.springframework.org/schema/beans http://www.springframework.org/schema/beans/spring-beans.xsd
       http://www.springframework.org/schema/util http://www.springframework.org/schema/util/spring-util.xsd ">

    <!-- 缓存管理器 使用Ehcache实现 -->
    <bean id="cacheManager" class="org.apache.shiro.cache.ehcache.EhCacheManager">
        <property name="cacheManagerConfigFile" value="classpath:ehcache.xml"/>
    </bean>

    <bean id="dataSource" class="com.alibaba.druid.pool.DruidDataSource">
        <property name="driverClassName" value="com.mysql.jdbc.Driver"/>
        <property name="url" value="jdbc:mysql://127.0.0.1:3306/secure_login"/>
        <property name="username" value="userAdmin"/>
        <property name="password" value="z7vBhMf3EAvG8dBkjYpN_7p!"/>
    </bean>

    <!-- Realm实现 -->
    <bean id="userRealm" class="org.apache.shiro.realm.jdbc.JdbcRealm">
        <property name="dataSource" ref="dataSource"/>
        <property name="cachingEnabled" value="true"/>
        <property name="authenticationCachingEnabled" value="true"/>
        <property name="authenticationCacheName" value="authenticationCache"/>
        <property name="authorizationCachingEnabled" value="true"/>
        <property name="authorizationCacheName" value="authorizationCache"/>
        <property name="credentialsMatcher">
            <bean class="org.apache.shiro.authc.credential.HashedCredentialsMatcher">
                <property name="hashAlgorithmName" value="MD5"/>
                <property name="hashIterations" value="1"/>
            </bean>
        </property>
    </bean>

    <!-- 会话ID生成器 -->
    <bean id="sessionIdGenerator" class="org.apache.shiro.session.mgt.eis.JavaUuidSessionIdGenerator"/>

    <!-- 会话Cookie模板 -->
    <bean id="sessionIdCookie" class="org.apache.shiro.web.servlet.SimpleCookie">
        <constructor-arg value="sid"/>
        <property name="httpOnly" value="true"/>
        <property name="maxAge" value="-1"/>
    </bean>

    <bean id="rememberMeCookie" class="org.apache.shiro.web.servlet.SimpleCookie">
        <constructor-arg value="rememberMe"/>
        <property name="httpOnly" value="true"/>
        <property name="maxAge" value="1800"/><!-- 30分钟 -->
    </bean>

    <!-- rememberMe管理器 -->
    <bean id="rememberMeManager" class="com.collection.shiro.manager.ShiroRememberManager">
        <property name="cookie" ref="rememberMeCookie"/>
    </bean>

    <!-- 会话DAO -->
    <bean id="sessionDAO" class="org.apache.shiro.session.mgt.eis.EnterpriseCacheSessionDAO">
        <property name="activeSessionsCacheName" value="shiro-activeSessionCache"/>
        <property name="sessionIdGenerator" ref="sessionIdGenerator"/>
    </bean>

    <!-- 会话验证调度器 -->
    <bean id="sessionValidationScheduler" class="org.apache.shiro.session.mgt.quartz.QuartzSessionValidationScheduler">
        <property name="sessionValidationInterval" value="1800000"/>
        <property name="sessionManager" ref="sessionManager"/>
    </bean>

    <!-- 会话管理器 -->
    <bean id="sessionManager" class="org.apache.shiro.web.session.mgt.DefaultWebSessionManager">
        <property name="globalSessionTimeout" value="1800000"/>
        <property name="deleteInvalidSessions" value="true"/>
        <property name="sessionValidationSchedulerEnabled" value="true"/>
        <property name="sessionValidationScheduler" ref="sessionValidationScheduler"/>
        <property name="sessionDAO" ref="sessionDAO"/>
        <property name="sessionIdCookieEnabled" value="true"/>
        <property name="sessionIdCookie" ref="sessionIdCookie"/>
    </bean>

    <!-- 安全管理器 -->
    <bean id="securityManager" class="org.apache.shiro.web.mgt.DefaultWebSecurityManager">
        <property name="realm" ref="userRealm"/>
        <property name="sessionManager" ref="sessionManager"/>
        <property name="cacheManager" ref="cacheManager"/>
        <property name="rememberMeManager" ref="rememberMeManager"/>
    </bean>

    <!-- 基于Form表单的身份验证过滤器 -->
    <bean id="formAuthenticationFilter" class="org.apache.shiro.web.filter.authc.FormAuthenticationFilter">
        <property name="usernameParam" value="username"/>
        <property name="passwordParam" value="password"/>
        <property name="rememberMeParam" value="rememberMe"/>
        <property name="loginUrl" value="/login.jsp"/>
    </bean>

    <!-- Shiro生命周期处理器-->
    <bean id="lifecycleBeanPostProcessor" class="org.apache.shiro.spring.LifecycleBeanPostProcessor"/>

    <!-- 启用 IOC 容器中使用 shiro 的注解. 但必须在配置了 LifecycleBeanPostProcessor 之后才可以使用. -->
    <bean class="org.springframework.aop.framework.autoproxy.DefaultAdvisorAutoProxyCreator"
          depends-on="lifecycleBeanPostProcessor"/>
    <bean class="org.apache.shiro.spring.security.interceptor.AuthorizationAttributeSourceAdvisor">
        <property name="securityManager" ref="securityManager"/>
    </bean>

    <!-- Shiro的Web过滤器 -->
    <bean id="shiroFilter" class="org.apache.shiro.spring.web.ShiroFilterFactoryBean">
        <property name="securityManager" ref="securityManager"/>
        <property name="loginUrl" value="/login.jsp"/>
        <property name="filters">
            <util:map>
                <entry key="authc" value-ref="formAuthenticationFilter"/>
            </util:map>
        </property>
        <property name="filterChainDefinitions">
            <value>
                /login.jsp = authc
                /logout = logout
                /register = anon
                /css/** = anon
                /js/** = anon
                /images/** = anon
                /vendor/** = anon
                /fonts/** = anon
                /** = user
            </value>
        </property>
    </bean>
</beans>